poison_type,poison_fraction,accuracy,precision_macro,recall_macro,f1_macro,model_path
none,0.0,0.9833333333333333,0.9841269841269842,0.9833333333333334,0.9833229101521784,runs:/1d62c2234d414bc7b9f4834cc231a119/model
feature_noise,0.05,0.9,0.9049919484702094,0.9,0.9000617225831423,runs:/fbe751bc9b934079ba83f934a020157a/model
feature_noise,0.1,0.8333333333333334,0.8428030303030303,0.8333333333333334,0.8333333333333334,runs:/d7e38bec118d493a8e837ba1113da48e/model
feature_noise,0.5,0.5666666666666667,0.5601816484169425,0.5666666666666668,0.5618754643144888,runs:/11147eda54474f068b845a0b3d5a8d2d/model
label_flip,0.05,0.8833333333333333,0.8894496204278813,0.8833333333333333,0.8812945106195249,runs:/92303ab043ad45cbadd94de38da4922e/model
label_flip,0.1,0.7333333333333333,0.7404401154401153,0.7312599681020734,0.7287616354424413,runs:/e7ced3933b0b4dafb70525b51dc72abe/model
label_flip,0.5,0.36666666666666664,0.35669191919191917,0.3678780284043442,0.3420934411500449,runs:/50d3c79453f5444e99e64b4ca6983ab6/model
